{"Switzerland:0": [8.306507541666665, 46.796854291666655], "Sierra Leone:0": [-11.620067363636366, 8.507121409090908], "Yemen:0": [46.496698795454556, 15.458507568181819], "Moldova:0": [28.47035211111111, 47.046639555555565], "Greece:0": [24.87416718181818, 35.302454363636365], "Greece:1": [23.223037279069768, 39.80152576744185], "The Bahamas:0": [-77.86409, 24.35144875], "The Bahamas:1": [-78.31499999999998, 26.679999999999996], "The Bahamas:2": [-77.34956857142858, 26.508812857142857], "Sri Lanka:0": [80.86381909999999, 7.6314413000000005], "Bolivia:0": [-64.0187022, -16.521309016666667], "Saudi Arabia:0": [43.696933052631586, 23.869037394736846], "Kenya:0": [37.872120891891875, 1.2176717567567568], "Hungary:0": [19.055115612903222, 47.41413716129033], "Pakistan:0": [69.40296604545456, 30.81521942424242], "Myanmar:0": [97.1452077142857, 19.997216442857148], "Italy:0": [14.388836, 37.60726318181818], "Italy:1": [8.9607816, 40.1644607], "Italy:2": [12.655875409090905, 43.084748893939384], "Falkland Islands:0": [-59.585, -51.735], "Western Sahara:0": [-12.03201292857143, 24.758574857142857], "Honduras:0": [-86.38114605263158, 14.711018999999999], "Iraq:0": [44.60624746666667, 33.565823200000004], "Belgium:0": [4.3921904000000005, 50.66802046666666], "Niger:0": [8.518535862068964, 15.289917586206894], "Turkey:0": [36.60444620754717, 38.47951345283018], "Turkey:1": [27.180055571428575, 41.173338071428574], "Malawi:0": [34.12693246428571, -12.995803142857142], "Sweden:0": [16.8421752, 62.91107824999998], "Sweden:1": [16.825561, 56.966747600000005], "Sweden:2": [18.698440947368425, 57.497853842105265], "Sweden:3": [20.858916625, 63.732229], "Tunisia:0": [9.841517870967742, 34.01676032258065], "Austria:0": [13.484573189189193, 47.64469881081084], "Ethiopia:0": [39.04164320338982, 9.101322576271185], "Nicaragua:0": [-85.01747005769234, 13.081707730769235], "Togo:0": [0.9205696315789473, 8.62921794736842], "Belarus:0": [28.114469863636373, 53.32459715909092], "Ireland:0": [-7.723323615384617, 53.53152307692308], "Namibia:0": [17.84777675, -21.647454477272728], "Estonia:0": [25.70991364705882, 58.50656894117647], "Paraguay:0": [-57.706847151515156, -23.36477360606061], "Iceland:0": [-19.265977400000004, 65.27802869999998], "Montenegro:0": [19.431629277777777, 42.73648572222223], "Lithuania:0": [23.818487842105267, 55.13318478947367], "Gabon:0": [11.885480806451614, -0.5387664516129033], "Guatemala:0": [-90.20885597142858, 15.508185542857142], "Ghana:0": [-0.9291656799999997, 8.08674608], "Cuba:0": [-79.73309490476191, 21.722816714285717], "New Zealand:0": [171.0917638666667, -43.45137496666668], "New Zealand:1": [175.41817269444448, -38.08855191666668], "Libya:0": [16.456980928571433, 28.49224398214286], "French Guiana:0": [-53.41849784210526, 3.460923263157895], "Poland:0": [19.287538555555553, 51.68244833333334], "Lesotho:0": [28.370332416666667, -29.584757416666665], "Mauritania:0": [-12.299476897435897, 18.667714615384618], "El Salvador:0": [-88.84191154999999, 13.802652649999999], "Bulgaria:0": [24.687321107142854, 42.89366121428571], "China:0": [109.91329149999999, 19.238169699999997], "China:1": [105.87448876956522, 37.33921325217393], "Bermuda:0": [-64.77013754985381, 32.31324546753983], "Argentina:0": [-66.97633818181818, -54.45660818181819], "Argentina:1": [-65.15190160909091, -36.942762863636354], "Brunei:0": [114.84262737499999, 4.628413], "Puerto Rico:0": [-66.43350466666668, 18.275953444444443], "Equatorial Guinea:0": [10.047480142857141, 1.4073748571428573], "United Republic of Tanzania:0": [34.342976428571426, -6.514937469387752], "Azerbaijan:0": [45.34727766666666, 39.37884277777778], "Azerbaijan:1": [47.43335011428572, 40.35509637142858], "Vietnam:0": [106.02318279545456, 16.956820613636367], "Jamaica:0": [-77.34805227272727, 18.187741363636363], "India:0": [83.44489886764708, 24.018866154411757], "Mongolia:0": [104.58542637333333, 47.204515053333324], "Angola:0": [17.439875121212122, -10.935099181818183], "Angola:1": [12.445019666666667, -5.140168333333333], "Slovakia:0": [19.23956490909091, 48.77627990909092], "United Arab Emirates:0": [54.243401318181824, 24.195379136363634], "Nigeria:0": [8.448601482758617, 9.705913224137928], "Czech Republic:0": [15.90355382857143, 49.70695368571429], "Ivory Coast:0": [-6.233057434782609, 7.831305326086958], "Liberia:0": [-9.115772666666667, 6.630890444444446], "France:0": [9.115104285714285, 42.16617528571429], "France:1": [3.2458727291666674, 47.02372133333332], "Japan:0": [133.61587208333333, 33.6370815], "Japan:1": [135.97113267567568, 35.66515694594597], "Japan:2": [142.5917346875, 43.430765062499994], "Morocco:0": [-9.463683562499996, 28.761614750000003], "Australia:0": [146.56903905882356, -41.96381317647058], "Australia:1": [133.32365626339285, -23.721623687499964], "Turkmenistan:0": [58.61818748148149, 39.21647340740741], "Lebanon:0": [35.85166972727273, 33.798193181818185], "Burundi:0": [29.95537653846154, -3.3942826923076925], "Cambodia:0": [104.94884347058823, 12.549848411764705], "Republic of Serbia:0": [20.984143326086954, 43.819188], "Haiti:0": [-72.7729009047619, 18.84919557142857], "Cyprus:0": [33.32695486666667, 35.01916513333333], "East Timor:0": [125.90554309090908, -8.74553581818182], "Malaysia:0": [102.11469759999999, 4.34217768], "Malaysia:1": [114.78782608108108, 3.687889567567568], "Malta:0": [14.473811999999999, 35.88021325], "Malta:1": [14.267881375, 36.043032875], "Croatia:0": [16.43715930952381, 44.88755502380953], "Zimbabwe:0": [29.658726567567566, -18.870223000000003], "Central African Republic:0": [20.507985967741938, 6.329532338709678], "Laos:0": [103.63447108108107, 18.285540405405406], "Benin:0": [2.32725276, 9.80839996], "Afghanistan:0": [67.6910866231884, 34.80365353623189], "Peru:0": [-74.07779543421051, -7.927868828947368], "Slovenia:0": [14.99537788888889, 46.10708266666668], "Mexico:0": [-103.01318771176472, 23.83536536470587], "Macedonia:0": [21.582212352941184, 41.64608647058824], "Latvia:0": [24.656921909090908, 56.79205409090909], "Panama:0": [-80.32735980769232, 8.468009019230767], "Kyrgyzstan:0": [73.9767592, 41.36375079999999], "Papua New Guinea:0": [155.25576972727274, -6.075067090909091], "Papua New Guinea:1": [150.65620554545455, -5.3526749545454555], "Papua New Guinea:2": [146.39552629411767, -7.912561323529411], "Papua New Guinea:3": [152.16368549999999, -3.580799928571429], "Tajikistan:0": [70.86484309756099, 38.58847302439024], "Uzbekistan:0": [65.4846044814815, 41.079575351851865], "Greenland:0": [-41.03145590909091, 74.14763175757577], "Romania:0": [25.06276036363636, 45.91116900000001], "Georgia:0": [43.43027020833335, 42.179316416666666], "Madagascar:0": [46.989215081632636, -17.97148510204082], "Algeria:0": [3.349875274193549, 29.602488645161298], "Solomon Islands:0": [161.92898466666665, -10.543878], "Solomon Islands:1": [160.301364375, -9.666063375], "Solomon Islands:2": [161.208235, -9.094549714285714], "Solomon Islands:3": [159.15759766666667, -7.933761666666667], "Solomon Islands:4": [157.07035542857142, -7.094885714285715], "South Sudan:0": [30.14223019047618, 8.1042980952381], "Indonesia:0": [120.25651542857142, -9.898959571428572], "Indonesia:1": [124.28545677777778, -9.716219666666667], "Indonesia:2": [117.87696540000002, -8.542718500000001], "Indonesia:3": [121.52533266666667, -8.47350488888889], "Indonesia:4": [110.0606877826087, -7.321127956521738], "Indonesia:5": [134.46987442857144, -6.061741285714286], "Indonesia:6": [126.75780666666668, -3.4371799999999997], "Indonesia:7": [129.43553022222224, -3.258095222222222], "Indonesia:8": [135.63632321052629, -3.7285834736842114], "Indonesia:9": [121.64393679999998, -2.0270215555555557], "Indonesia:10": [128.1390953076923, 0.6805651538461538], "Indonesia:11": [113.95789097435899, 0.015140820512820206], "Indonesia:12": [101.35376802857144, -0.046500428571428463], "Egypt:0": [31.51607952380952, 28.24341321428572], "Oman:0": [56.65545887804877, 20.82114007317073],